gene_id,TPM,gene_biotype,Sample
gene_52,8.839230578713735,protein_coding,Sample4
gene_93,13.682166488084093,protein_coding,Sample1
gene_15,5.6503464938298205,protein_coding,Sample4
gene_72,1.3648466672931223,unknown,Sample1
gene_61,3.337621802617039,lncRNA,Sample5
gene_21,4.511148254746234,protein_coding,Sample2
gene_83,10.382246116218617,protein_coding,Sample5
gene_87,8.457817212014195,protein_coding,Sample5
gene_75,4.402067596518061,lncRNA,Sample4
gene_75,43.06195772169812,lncRNA,Sample2
gene_88,9.308330084672093,unknown,Sample1
gene_100,2.7079452875679992,protein_coding,Sample1
gene_24,1.0734300462488686,unknown,Sample3
gene_3,1.6588829258982587,pseudo,Sample1
gene_22,2.8230684939514097,protein_coding,Sample4
gene_53,1.7516487495429403,unknown,Sample5
gene_2,2.064917454545804,protein_coding,Sample5
gene_88,3.3560584821544652,pseudo,Sample5
gene_30,1.90402433662887,protein_coding,Sample2
gene_38,22.707514493559152,pseudo,Sample1
gene_2,0.8363571259200016,pseudo,Sample4
gene_64,7.434123501127027,pseudo,Sample2
gene_60,5.283055564893023,miRNA,Sample3
gene_21,40.3864216601592,protein_coding,Sample4
gene_33,1.188273456974049,protein_coding,Sample4
gene_76,5.072579937424305,protein_coding,Sample4
gene_58,34.89059664126715,protein_coding,Sample5
gene_22,20.062440619681546,lncRNA,Sample4
gene_89,16.986630340361796,protein_coding,Sample1
gene_49,2.9827508353350463,unknown,Sample4
gene_91,1.873995327864875,lncRNA,Sample5
gene_59,11.045595986817835,pseudo,Sample4
gene_42,26.503850949599553,protein_coding,Sample3
gene_92,8.136504219047422,pseudo,Sample3
gene_60,8.477275614585865,unknown,Sample5
gene_80,3.284750308106508,protein_coding,Sample1
gene_15,14.674737584120885,lncRNA,Sample1
gene_62,2.0707798214607083,miRNA,Sample2
gene_62,3.910878131192326,protein_coding,Sample5
gene_47,5.541445500698305,lncRNA,Sample4
gene_62,7.084849626446985,protein_coding,Sample5
gene_51,2.7761258356960585,protein_coding,Sample2
gene_55,1.2198327214413545,protein_coding,Sample5
gene_64,9.431996574293565,protein_coding,Sample5
gene_3,3.4056336843654176,protein_coding,Sample2
gene_51,8.704530682924435,protein_coding,Sample1
gene_7,1.676647527706798,unknown,Sample4
gene_21,6.561213780285275,lncRNA,Sample2
gene_73,7.605472481290779,unknown,Sample3
gene_39,0.5321465145712133,protein_coding,Sample1
gene_18,4.103836013804233,protein_coding,Sample3
gene_4,1.443493268319316,lncRNA,Sample1
gene_89,0.6547225877252488,protein_coding,Sample4
gene_60,46.012013113953245,protein_coding,Sample4
gene_14,3.8913002251942026,lncRNA,Sample5
gene_9,16.600706137698985,protein_coding,Sample3
gene_90,2.938888342934014,lncRNA,Sample1
gene_53,11.441413510203516,lncRNA,Sample4
gene_2,14.280662228282086,protein_coding,Sample2
gene_84,9.054465941691397,protein_coding,Sample4
gene_92,6.378566440452717,miRNA,Sample2
gene_60,5.307578135053777,protein_coding,Sample1
gene_71,4.290433017039748,protein_coding,Sample4
gene_44,26.52556048220781,unknown,Sample4
gene_8,17.75607071141798,protein_coding,Sample1
gene_47,33.53176389415692,lncRNA,Sample4
gene_35,1.3272854183610554,unknown,Sample2
gene_78,13.125513634605074,protein_coding,Sample4
gene_81,27.861272652612406,protein_coding,Sample3
gene_36,1.9995580970079767,protein_coding,Sample5
gene_50,0.6881031747249687,protein_coding,Sample2
gene_4,13.513931531886222,protein_coding,Sample3
gene_2,8.544271441986698,lncRNA,Sample1
gene_6,18.44077141321478,protein_coding,Sample2
gene_54,1.505582464141926,lncRNA,Sample5
gene_4,15.860501110318681,unknown,Sample5
gene_54,2.2517977306702295,pseudo,Sample1
gene_93,1.78715198965518,lncRNA,Sample1
gene_63,1.794446565599507,protein_coding,Sample2
gene_18,16.851032825640086,lncRNA,Sample4
gene_90,10.942136390159689,lncRNA,Sample1
gene_44,7.403759563460444,protein_coding,Sample4
gene_34,4.444614016780681,protein_coding,Sample3
gene_74,20.972026672943326,pseudo,Sample5
gene_62,4.98312749697445,protein_coding,Sample4
gene_100,16.960826628480696,protein_coding,Sample5
gene_14,5.782748811138804,protein_coding,Sample4
gene_95,4.731195658177371,protein_coding,Sample3
gene_48,6.2116105989960255,pseudo,Sample1
gene_15,3.5864527543064204,miRNA,Sample3
gene_72,13.767773129369393,miRNA,Sample1
gene_78,6.98602815695596,protein_coding,Sample1
gene_87,2.6424253099706525,protein_coding,Sample5
gene_62,22.983398495505835,protein_coding,Sample3
gene_40,4.843317423587113,protein_coding,Sample4
gene_85,7.8428238217776345,protein_coding,Sample3
gene_80,23.694956087096266,miRNA,Sample5
gene_82,9.787993038573306,protein_coding,Sample1
gene_53,1.2431461585777974,lncRNA,Sample5
gene_24,28.106166839322093,protein_coding,Sample2
gene_26,9.880769289348262,protein_coding,Sample2
gene_89,4.078263155513094,protein_coding,Sample4
gene_60,1.499768206164258,unknown,Sample5
gene_41,15.800013956802669,pseudo,Sample4
gene_29,9.677755075628523,unknown,Sample4
gene_15,7.624138580490282,protein_coding,Sample2
gene_45,22.433033305364454,protein_coding,Sample4
gene_65,15.539900136960721,lncRNA,Sample2
gene_89,1.644913201263409,protein_coding,Sample1
gene_71,3.735625513958005,pseudo,Sample5
gene_9,2.8566961854883792,protein_coding,Sample4
gene_88,13.623680618684116,protein_coding,Sample2
gene_1,0.3410753985783793,protein_coding,Sample3
gene_8,8.43713556386143,protein_coding,Sample4
gene_88,14.374137158597788,miRNA,Sample1
gene_63,20.93667344385938,protein_coding,Sample1
gene_11,4.1867459354509275,protein_coding,Sample3
gene_81,17.21807963541003,protein_coding,Sample2
gene_8,1.1724388509877735,protein_coding,Sample4
gene_35,18.737439572116877,miRNA,Sample2
gene_35,1.3637963052807085,pseudo,Sample1
gene_33,5.0631463120986435,unknown,Sample2
gene_5,15.960053633264899,miRNA,Sample1
gene_41,1.6242178992041616,protein_coding,Sample2
gene_28,2.6039302244475095,lncRNA,Sample3
gene_7,12.810430976449055,protein_coding,Sample5
gene_73,12.730961719916946,protein_coding,Sample3
gene_72,10.248442087373908,pseudo,Sample3
gene_12,11.84001709087617,protein_coding,Sample5
gene_34,7.824691011956382,unknown,Sample5
gene_33,2.9008369925940993,protein_coding,Sample4
gene_48,4.241831937932634,lncRNA,Sample4
gene_23,2.0040127451653182,lncRNA,Sample3
gene_62,23.908761393236517,pseudo,Sample3
gene_88,8.756090546365986,lncRNA,Sample1
gene_37,5.122456594790224,lncRNA,Sample1
gene_99,6.199075063211633,protein_coding,Sample4
gene_44,29.42823736997211,lncRNA,Sample4
gene_86,1.6646955012850069,protein_coding,Sample1
gene_91,8.824446091085541,miRNA,Sample1
gene_35,7.049944407931773,lncRNA,Sample2
gene_65,9.453443180030728,lncRNA,Sample2
gene_99,0.18276180406497233,protein_coding,Sample1
gene_47,20.566935225406965,protein_coding,Sample2
gene_78,26.89988536691252,miRNA,Sample5
gene_3,8.327154639433976,protein_coding,Sample4
gene_1,11.928707405259582,protein_coding,Sample4
gene_5,25.574693578456262,protein_coding,Sample1
gene_90,12.283974533925182,unknown,Sample3
gene_14,1.655105091241217,miRNA,Sample1
gene_27,8.587021498525601,protein_coding,Sample2
gene_9,9.33220857034015,protein_coding,Sample3
gene_79,5.518745039228211,protein_coding,Sample2
gene_15,13.334903038833922,miRNA,Sample5
gene_90,27.236768857624746,lncRNA,Sample2
gene_42,25.978762130541174,protein_coding,Sample5
gene_77,5.9936429630361765,protein_coding,Sample5
gene_51,1.2017870455178419,protein_coding,Sample2
gene_63,41.89173989120707,lncRNA,Sample2
gene_96,18.25718110818443,miRNA,Sample5
gene_52,1.331459597170634,protein_coding,Sample3
gene_96,25.36307940963276,protein_coding,Sample5
gene_4,20.394239312268635,protein_coding,Sample4
gene_94,7.315513859686492,unknown,Sample5
gene_23,8.94713786829075,protein_coding,Sample3
gene_15,5.091648434090136,miRNA,Sample4
gene_43,0.5631814924329379,lncRNA,Sample1
gene_29,4.082648863007411,protein_coding,Sample1
gene_36,16.238079110661786,protein_coding,Sample3
gene_13,0.04642784066342885,protein_coding,Sample5
gene_32,4.057138965901687,lncRNA,Sample2
gene_71,5.077780948546781,miRNA,Sample3
gene_59,7.708830241238818,lncRNA,Sample4
gene_86,25.239254761530418,lncRNA,Sample4
gene_28,4.251771108907901,protein_coding,Sample1
gene_66,4.261064859584953,unknown,Sample4
gene_42,13.375089516655656,miRNA,Sample3
gene_45,6.018777734923394,protein_coding,Sample4
gene_62,2.5438247370272538,unknown,Sample3
gene_57,6.022823505761551,lncRNA,Sample2
gene_6,1.5181992193138705,lncRNA,Sample1
gene_28,1.9405450320809674,miRNA,Sample4
gene_28,6.898880428028177,pseudo,Sample3
gene_44,5.42876216256007,lncRNA,Sample5
gene_84,24.632927352528128,protein_coding,Sample1
gene_30,4.500345830397283,protein_coding,Sample2
gene_62,8.68902383785272,unknown,Sample3
gene_75,10.00390772517848,protein_coding,Sample2
gene_92,0.13180944825659227,protein_coding,Sample2
gene_89,10.89268197035989,protein_coding,Sample4
gene_62,1.9605864019924821,protein_coding,Sample4
gene_97,32.45998272272426,lncRNA,Sample3
gene_1,1.6094690431018008,unknown,Sample5
gene_27,5.355011145366069,protein_coding,Sample3
gene_62,0.8921343765050314,protein_coding,Sample5
gene_77,57.68081615150759,protein_coding,Sample2
gene_3,6.975468656582261,pseudo,Sample1
gene_70,9.048193240889457,lncRNA,Sample3
gene_72,0.6943205082825417,protein_coding,Sample3
gene_27,13.86136255215999,pseudo,Sample5
gene_9,2.356028382502632,pseudo,Sample2
gene_62,22.833148568116304,pseudo,Sample2
gene_37,2.2958882816083332,unknown,Sample5
gene_97,2.1157042980881586,protein_coding,Sample2
gene_51,0.37234341857672165,miRNA,Sample4
gene_44,6.387857932954639,protein_coding,Sample1
gene_24,8.320441036761805,pseudo,Sample3
gene_79,0.6796694017915648,miRNA,Sample1
gene_59,14.940025935983723,miRNA,Sample3
gene_32,6.038346502936217,lncRNA,Sample4
gene_96,7.431576545925969,protein_coding,Sample2
gene_88,5.811814717875803,lncRNA,Sample5
gene_52,5.120982012749213,unknown,Sample4
gene_62,8.201634571378747,unknown,Sample1
gene_58,1.6870300676095549,protein_coding,Sample5
gene_52,2.008050862086255,protein_coding,Sample2
gene_12,19.789493282961402,protein_coding,Sample4
gene_39,29.209117092646856,miRNA,Sample5
gene_2,4.673021874751385,pseudo,Sample4
gene_3,3.15731365692666,protein_coding,Sample4
gene_56,10.328232650944571,lncRNA,Sample2
gene_81,5.254895676072463,pseudo,Sample3
gene_59,0.2571414873264703,miRNA,Sample5
gene_2,1.697836032995106,lncRNA,Sample2
gene_2,12.586832598530455,lncRNA,Sample4
gene_92,10.756497823175357,lncRNA,Sample2
gene_54,0.27469857884440096,protein_coding,Sample3
gene_87,2.50992973866705,lncRNA,Sample5
gene_96,2.62761578950931,lncRNA,Sample3
gene_97,11.144147228278518,pseudo,Sample1
gene_1,0.19907381292139403,lncRNA,Sample5
gene_19,1.099360586013728,miRNA,Sample3
gene_2,16.090184272962414,protein_coding,Sample4
gene_53,1.9667770945178533,protein_coding,Sample5
gene_44,10.576990889205769,protein_coding,Sample5
gene_90,2.7204862220899524,protein_coding,Sample2
gene_32,1.0474003348487133,miRNA,Sample4
gene_70,2.786195164114473,unknown,Sample1
gene_32,12.810948130970319,protein_coding,Sample3
gene_68,19.358363374539294,protein_coding,Sample2
gene_55,17.732509999755642,pseudo,Sample3
gene_75,5.061424894750885,protein_coding,Sample1
gene_56,11.02876778404595,lncRNA,Sample1
gene_17,2.293934103289808,miRNA,Sample5
gene_38,3.4693358861251684,lncRNA,Sample1
gene_24,22.665986286309042,protein_coding,Sample3
gene_69,0.13087188396285002,protein_coding,Sample4
gene_98,0.8938713963044913,miRNA,Sample4
gene_70,2.330502802398152,lncRNA,Sample5
gene_86,0.26890535224316886,protein_coding,Sample3
gene_11,2.0020300329027276,miRNA,Sample3
gene_16,8.747687287443666,protein_coding,Sample1
gene_97,5.471863183678004,miRNA,Sample3
gene_73,22.318630208218273,protein_coding,Sample2
gene_59,17.006959030194785,unknown,Sample1
gene_70,4.1827280516903205,protein_coding,Sample2
gene_80,3.0032625214727853,protein_coding,Sample5
gene_93,4.7753980810853776,protein_coding,Sample4
gene_3,8.923177501433052,protein_coding,Sample5
gene_20,3.120617098152729,pseudo,Sample4
gene_59,9.785622455470875,unknown,Sample5
gene_36,5.266360392798112,protein_coding,Sample3
gene_19,8.030673665148445,protein_coding,Sample2
gene_90,5.72925395091112,miRNA,Sample4
gene_67,3.4879997526233315,pseudo,Sample1
gene_19,29.652672211522034,lncRNA,Sample2
gene_20,14.422545037326362,protein_coding,Sample1
gene_96,1.5095449812302086,protein_coding,Sample2
gene_71,20.285049277193238,lncRNA,Sample2
gene_52,6.683203296619165,protein_coding,Sample5
gene_33,22.495394902897434,lncRNA,Sample4
gene_40,16.087144539299004,protein_coding,Sample4
gene_39,5.537566192586073,miRNA,Sample2
gene_82,0.22725589477540115,protein_coding,Sample3
gene_1,3.129005477764867,lncRNA,Sample3
gene_11,7.800877556797962,protein_coding,Sample1
gene_92,10.036973319345364,lncRNA,Sample1
gene_57,2.982546799289389,protein_coding,Sample5
gene_89,1.5007441883071553,lncRNA,Sample2
gene_50,18.013870871623915,lncRNA,Sample1
gene_23,41.60624163187234,lncRNA,Sample1
gene_31,7.458945469720869,lncRNA,Sample2
gene_94,1.8835486366007392,lncRNA,Sample5
gene_42,3.1787647172893285,pseudo,Sample1
gene_99,0.18561887410766006,protein_coding,Sample5
gene_7,24.56888527693557,pseudo,Sample4
gene_16,1.25281043846203,protein_coding,Sample5
gene_90,8.592406688681558,protein_coding,Sample3
gene_60,3.2028132860279293,protein_coding,Sample3
gene_2,8.078355154069852,protein_coding,Sample5
gene_1,10.53888633986027,miRNA,Sample3
gene_48,17.7043919242236,miRNA,Sample4
gene_12,2.3120252750453583,miRNA,Sample2
gene_69,0.11056729631697196,lncRNA,Sample3
gene_37,1.4720807068739052,protein_coding,Sample3
gene_32,23.027715288531816,protein_coding,Sample5
gene_9,20.706013520531226,protein_coding,Sample4
gene_99,9.098443101964925,protein_coding,Sample2
gene_19,9.175837185053469,protein_coding,Sample5
gene_48,10.937342294075126,protein_coding,Sample5
gene_80,1.9282202863855216,lncRNA,Sample4
gene_3,24.582095607713015,miRNA,Sample2
gene_20,5.426096343463181,unknown,Sample4
gene_24,4.8311079932786845,unknown,Sample2
gene_54,7.31716932622681,lncRNA,Sample4
gene_33,0.48104664291977217,protein_coding,Sample5
gene_24,1.8186170504927233,lncRNA,Sample5
gene_75,13.395390904239633,miRNA,Sample1
gene_72,0.8642827567184359,protein_coding,Sample3
gene_36,9.242022189851156,protein_coding,Sample4
gene_38,2.815000336004408,pseudo,Sample1
gene_84,4.931422569251883,protein_coding,Sample3
gene_99,3.4065219195414596,lncRNA,Sample4
gene_89,4.395484777228535,lncRNA,Sample2
gene_99,12.695639866386868,protein_coding,Sample3
gene_25,3.5257153960555088,protein_coding,Sample5
gene_93,8.356435307057023,protein_coding,Sample1
gene_18,6.463597866902617,protein_coding,Sample3
gene_82,10.896659230926783,protein_coding,Sample3
gene_66,27.61921647512969,pseudo,Sample5
gene_54,13.189052712550428,protein_coding,Sample4
gene_35,2.4199561324404733,lncRNA,Sample2
gene_80,0.31679678824257845,protein_coding,Sample5
gene_61,3.041693020055879,unknown,Sample2
gene_41,9.040606518730973,protein_coding,Sample4
gene_100,0.5279527809977468,protein_coding,Sample3
gene_33,6.859059560261889,pseudo,Sample2
gene_68,9.084288399875602,pseudo,Sample1
gene_33,4.068318779381004,protein_coding,Sample1
gene_14,14.736499591467346,pseudo,Sample5
gene_21,1.12718914764678,protein_coding,Sample4
gene_48,0.7811050579224701,protein_coding,Sample5
gene_20,13.026474102163927,protein_coding,Sample5
gene_8,6.841702266630686,protein_coding,Sample5
gene_7,11.660426557331409,miRNA,Sample1
gene_67,5.706239991288573,protein_coding,Sample1
gene_17,2.828962537585316,protein_coding,Sample5
gene_33,17.09823698571196,miRNA,Sample1
gene_48,16.0652156396019,miRNA,Sample4
gene_76,11.864488197091214,protein_coding,Sample5
gene_59,3.1765361498803206,lncRNA,Sample1
gene_86,8.921608797234642,protein_coding,Sample2
gene_22,4.478099755798221,miRNA,Sample5
gene_30,0.9605073460665323,lncRNA,Sample5
gene_38,24.926998435376415,unknown,Sample4
gene_51,1.4713044881952002,protein_coding,Sample3
gene_54,30.004906531227626,protein_coding,Sample3
gene_8,5.906010127908722,protein_coding,Sample4
gene_27,2.047302819134658,protein_coding,Sample4
gene_27,7.806698461517366,protein_coding,Sample4
gene_98,20.631417942820587,unknown,Sample3
gene_21,13.176077791304737,protein_coding,Sample4
gene_30,16.427938260737573,protein_coding,Sample1
gene_97,10.752377151704026,miRNA,Sample5
gene_28,11.785538361415322,protein_coding,Sample5
gene_64,18.917719880502794,miRNA,Sample2
gene_97,2.8723951554012013,protein_coding,Sample2
gene_69,6.722176661712414,protein_coding,Sample5
gene_61,2.5001312910612232,protein_coding,Sample1
gene_48,43.95558417405329,protein_coding,Sample3
gene_19,28.834637873204144,unknown,Sample3
gene_4,0.4022510120537909,protein_coding,Sample1
gene_35,12.227315631957289,lncRNA,Sample3
gene_64,25.935835574752556,protein_coding,Sample4
gene_49,1.9915282538785002,protein_coding,Sample5
gene_17,8.392029176459022,pseudo,Sample5
gene_44,24.708652641255302,protein_coding,Sample1
gene_92,0.3453552354421181,lncRNA,Sample3
gene_30,11.954104568928853,unknown,Sample2
gene_93,3.5289496474521282,lncRNA,Sample2
gene_46,25.822486713556756,unknown,Sample3
gene_6,35.424699226222536,protein_coding,Sample2
gene_99,28.871736812409743,protein_coding,Sample1
gene_37,6.4286140519845825,protein_coding,Sample1
gene_24,19.808107067353582,miRNA,Sample3
gene_93,18.614272732990788,unknown,Sample2
gene_46,3.8434052151953435,protein_coding,Sample1
gene_53,17.655975413946532,lncRNA,Sample1
gene_95,0.37709795268909724,protein_coding,Sample4
gene_99,9.070086402878069,lncRNA,Sample4
gene_60,2.613762411972857,protein_coding,Sample1
gene_97,1.2847776747164406,unknown,Sample3
gene_63,0.8007534330438275,lncRNA,Sample5
gene_85,11.91677949688237,protein_coding,Sample5
gene_32,4.153260130685671,protein_coding,Sample1
gene_87,12.901364372203776,protein_coding,Sample1
gene_33,0.6758993548947433,protein_coding,Sample1
gene_67,3.787603814176782,protein_coding,Sample3
gene_18,7.7542351440004955,pseudo,Sample4
gene_25,15.640973333379875,lncRNA,Sample1
gene_95,3.8382960704015896,lncRNA,Sample1
gene_54,9.832090864021627,protein_coding,Sample2
gene_58,21.713616587242697,pseudo,Sample3
gene_67,9.567565090720862,miRNA,Sample1
gene_46,2.6521564296584947,protein_coding,Sample2
gene_24,0.24703413744155223,miRNA,Sample5
gene_32,20.409816863741813,lncRNA,Sample1
gene_47,0.21498864160261313,protein_coding,Sample1
gene_86,20.770577666041703,protein_coding,Sample2
gene_23,7.527637204695544,protein_coding,Sample3
gene_66,27.979918427926627,protein_coding,Sample1
gene_27,16.03372523023125,unknown,Sample5
gene_2,61.82194410847326,pseudo,Sample1
gene_90,4.318786168482837,lncRNA,Sample5
gene_17,14.575252591114578,protein_coding,Sample4
gene_33,5.140490026229409,protein_coding,Sample4
gene_9,6.536873042851913,lncRNA,Sample5
gene_43,9.875329076281155,lncRNA,Sample3
gene_48,20.6891406403239,protein_coding,Sample1
gene_39,41.403970368413084,lncRNA,Sample1
gene_93,14.621971103392251,pseudo,Sample4
gene_42,5.408841935911418,protein_coding,Sample5
gene_26,5.470695758190241,protein_coding,Sample1
gene_99,13.378177759736655,miRNA,Sample1
gene_50,2.728291200595943,protein_coding,Sample3
gene_25,1.1706666958066148,protein_coding,Sample2
gene_24,4.379193315941165,protein_coding,Sample4
gene_13,3.38609106417826,protein_coding,Sample4
gene_60,3.5141468973230556,miRNA,Sample2
gene_7,2.6606116595949674,lncRNA,Sample1
gene_57,0.43004780937347326,protein_coding,Sample3
gene_36,0.1803560283194906,pseudo,Sample3
gene_45,43.99977979112302,pseudo,Sample4
gene_20,5.58219746892102,pseudo,Sample3
gene_65,4.850387274553178,protein_coding,Sample2
gene_8,11.38332648626447,protein_coding,Sample1
gene_16,2.4622525594093334,unknown,Sample2
gene_14,29.94956253739776,miRNA,Sample5
gene_76,15.433927818755862,protein_coding,Sample4
gene_87,0.9366363864100695,protein_coding,Sample3
gene_15,5.405647740333897,protein_coding,Sample5
gene_92,21.129429601408532,unknown,Sample3
gene_98,28.955616031208322,lncRNA,Sample1
gene_66,6.299874431013923,protein_coding,Sample1
gene_32,9.503941725764365,protein_coding,Sample1
gene_87,1.8276238925679855,lncRNA,Sample3
gene_63,47.294446860928126,pseudo,Sample5
gene_86,2.635381650176833,protein_coding,Sample1
gene_51,28.60009331493888,miRNA,Sample5
gene_25,10.4881305946856,unknown,Sample3
gene_58,9.358222228721939,protein_coding,Sample5
gene_63,7.188517525924412,lncRNA,Sample3
gene_62,2.622350280519626,protein_coding,Sample3
gene_22,1.9422577002336727,miRNA,Sample4
gene_58,2.4908489862050676,lncRNA,Sample3
gene_58,2.063334635545502,lncRNA,Sample3
gene_86,15.122407575727966,miRNA,Sample2
gene_49,4.309756410730744,protein_coding,Sample1
gene_52,0.5958300833276848,unknown,Sample4
gene_42,34.770842165267744,lncRNA,Sample4
gene_70,21.523209700260004,protein_coding,Sample4
gene_15,26.276545538067545,lncRNA,Sample2
gene_54,52.80049769049707,miRNA,Sample3
gene_60,1.9103369657618532,protein_coding,Sample1
gene_97,5.045818548938808,pseudo,Sample5
gene_8,14.198034754812706,unknown,Sample3
gene_53,11.907954024213375,protein_coding,Sample2
gene_60,1.6711288479350686,unknown,Sample3
gene_5,16.91913002986315,protein_coding,Sample3
gene_68,2.541706672405863,protein_coding,Sample2
gene_6,2.5336775396964306,protein_coding,Sample4
gene_96,7.69972984290837,pseudo,Sample4
gene_94,8.98794524186919,lncRNA,Sample1
gene_47,8.677058455294674,protein_coding,Sample1
gene_99,0.9594590297101374,protein_coding,Sample4
gene_55,20.993248112914237,lncRNA,Sample5
gene_40,3.0870149766701553,protein_coding,Sample3
gene_52,1.387046609694003,pseudo,Sample5
gene_16,21.959580984800336,pseudo,Sample3
gene_13,31.156763527532792,lncRNA,Sample4
gene_30,19.814267844749622,unknown,Sample1
gene_19,16.581874697336122,protein_coding,Sample1
gene_17,10.6491250119862,unknown,Sample5
gene_63,8.004147815698987,lncRNA,Sample1
gene_19,0.9100489675235081,lncRNA,Sample4
gene_92,5.250144999102648,protein_coding,Sample5
gene_58,4.663120786306162,pseudo,Sample3
gene_55,3.007724234762845,protein_coding,Sample1
gene_90,12.852555799970684,protein_coding,Sample2
gene_90,6.849324839176536,protein_coding,Sample1
gene_62,0.8451944723555854,lncRNA,Sample3
gene_23,2.486962611804165,lncRNA,Sample5
gene_9,11.49670127597249,miRNA,Sample3
gene_12,0.7918484019491232,pseudo,Sample2
gene_1,19.051986230442047,protein_coding,Sample4
gene_58,6.834870443120784,miRNA,Sample1
gene_1,6.550551374355909,protein_coding,Sample5
gene_34,8.974880765880748,pseudo,Sample4
gene_96,17.411479129444768,pseudo,Sample3
gene_48,4.274181339452152,lncRNA,Sample5
gene_89,11.33253897922851,miRNA,Sample4
gene_1,8.340933410349736,protein_coding,Sample5
gene_16,3.1064814560107075,protein_coding,Sample2
gene_61,21.089114354403584,pseudo,Sample2
gene_64,15.966501337527326,protein_coding,Sample1
gene_63,10.74266569384876,protein_coding,Sample1
gene_69,19.010057185416066,protein_coding,Sample2
gene_22,20.1962063822053,pseudo,Sample5
gene_93,12.322453209093108,protein_coding,Sample2
gene_67,18.140868506209323,protein_coding,Sample1
gene_76,11.955796643719838,miRNA,Sample2
gene_26,11.398742917288649,pseudo,Sample2
gene_16,9.639364190221881,protein_coding,Sample5
gene_51,13.972203916260641,protein_coding,Sample4
gene_86,1.7269417546127899,protein_coding,Sample1
gene_57,21.275463180521534,protein_coding,Sample5
gene_29,20.545033221429353,protein_coding,Sample2
gene_78,0.2968351154302202,miRNA,Sample2
gene_92,17.476473762753137,lncRNA,Sample4
gene_69,1.3796390740375564,lncRNA,Sample1
gene_47,4.081469825093086,protein_coding,Sample1
gene_94,13.606588031607416,pseudo,Sample3
gene_62,1.7525843472956317,protein_coding,Sample1
gene_69,17.035674221585722,unknown,Sample4
gene_76,17.84590297012224,lncRNA,Sample3
gene_16,7.08195305309597,protein_coding,Sample3
gene_90,0.06406348617415167,lncRNA,Sample2
gene_90,3.383273427118551,protein_coding,Sample2
gene_48,9.595294943637384,lncRNA,Sample1
gene_85,39.73163467974408,protein_coding,Sample3
gene_39,9.991657490890635,protein_coding,Sample2
gene_100,3.0083969701011704,pseudo,Sample4
gene_33,10.051375279415504,protein_coding,Sample2
gene_94,7.764970067776713,pseudo,Sample2
gene_23,15.134252301294655,protein_coding,Sample3
gene_10,1.1314701729582906,lncRNA,Sample3
gene_69,14.314084807364829,lncRNA,Sample5
gene_100,7.792860190698895,lncRNA,Sample4
gene_34,32.96621277767666,protein_coding,Sample3
gene_52,4.183560899891112,protein_coding,Sample1
gene_95,10.01363697345023,protein_coding,Sample4
gene_10,26.886609755685512,protein_coding,Sample4
gene_19,1.0815299766527462,lncRNA,Sample3
gene_58,27.682539268387686,unknown,Sample4
gene_96,11.64385883557969,pseudo,Sample3
gene_1,0.702476502911083,miRNA,Sample2
gene_69,3.580524164282398,miRNA,Sample5
gene_4,12.315909951213124,lncRNA,Sample2
gene_16,0.6972592739476131,protein_coding,Sample3
gene_24,8.726817290949638,unknown,Sample3
gene_80,4.244691315113612,lncRNA,Sample2
gene_2,9.699961904748347,lncRNA,Sample1
gene_92,0.46821239277954846,protein_coding,Sample1
gene_32,20.521128448769126,protein_coding,Sample1
gene_91,36.30194375144341,protein_coding,Sample3
gene_84,34.69835664491751,pseudo,Sample4
gene_24,13.849026569612299,lncRNA,Sample3
gene_12,1.3936119883380576,protein_coding,Sample4
gene_50,14.1990573116036,unknown,Sample2
gene_35,0.24894222282511314,protein_coding,Sample5
gene_33,0.22371947734473863,protein_coding,Sample4
gene_33,3.9098577021723018,protein_coding,Sample1
gene_61,6.706876749216802,miRNA,Sample3
gene_51,14.714489225838568,unknown,Sample2
gene_43,11.49785726890819,protein_coding,Sample1
gene_12,5.904149873957085,pseudo,Sample2
gene_67,3.19691162558407,protein_coding,Sample5
gene_65,58.51528761656979,unknown,Sample3
gene_33,5.554417901100342,miRNA,Sample3
gene_40,6.003620484245429,pseudo,Sample5
gene_74,1.786767924545557,protein_coding,Sample3
gene_43,15.838167006373084,unknown,Sample4
gene_44,11.831322380365739,miRNA,Sample2
gene_29,2.49448529453176,protein_coding,Sample1
gene_13,0.8597305690237871,pseudo,Sample5
gene_12,11.409958207372403,protein_coding,Sample4
gene_95,10.62795094423143,pseudo,Sample1
gene_46,3.191858486737397,protein_coding,Sample1
gene_2,30.13154406385109,miRNA,Sample5
gene_35,1.6376428319465086,lncRNA,Sample4
gene_87,5.662234725034116,protein_coding,Sample1
gene_81,28.755684327996548,protein_coding,Sample1
gene_90,5.442571426935501,protein_coding,Sample4
gene_8,10.175650177301028,protein_coding,Sample3
gene_93,5.068243030091396,protein_coding,Sample1
gene_26,3.2050173006688127,lncRNA,Sample2
gene_74,41.33770529131774,protein_coding,Sample4
gene_90,5.265045758454232,protein_coding,Sample1
gene_34,22.45252506848132,miRNA,Sample5
gene_7,2.6130581248389047,protein_coding,Sample2
gene_68,2.396600813788579,unknown,Sample1
gene_58,0.31629049095555,pseudo,Sample2
gene_75,10.545958588759897,lncRNA,Sample2
gene_29,4.596990541722014,lncRNA,Sample3
gene_36,19.977380588267938,pseudo,Sample2
gene_89,6.409531147028137,protein_coding,Sample3
gene_21,34.48082341200801,protein_coding,Sample4
gene_36,2.052121782608384,protein_coding,Sample3
gene_10,20.296855047299104,miRNA,Sample5
gene_73,14.987773046742976,protein_coding,Sample1
gene_24,14.736920438900363,lncRNA,Sample4
gene_64,18.62932610814589,unknown,Sample4
gene_99,14.31392112603727,pseudo,Sample5
gene_49,9.840887504235639,lncRNA,Sample3
gene_99,1.4069398592758247,protein_coding,Sample1
gene_36,0.3306691334998571,pseudo,Sample3
gene_82,25.363833018142643,lncRNA,Sample2
gene_96,9.588076894307802,protein_coding,Sample3
gene_24,15.922725389316394,protein_coding,Sample4
gene_23,6.568583602697946,unknown,Sample1
gene_62,1.2477916417400803,lncRNA,Sample3
gene_96,1.3374374911633842,pseudo,Sample1
gene_37,11.569788149447113,pseudo,Sample1
gene_12,5.626557199241903,lncRNA,Sample2
gene_55,2.2379967489163612,lncRNA,Sample2
gene_13,6.76476013409331,protein_coding,Sample4
gene_23,0.6636305079345967,protein_coding,Sample5
gene_89,8.722054323249505,protein_coding,Sample1
gene_99,3.1333279661245736,miRNA,Sample5
gene_30,15.973072900319618,lncRNA,Sample4
gene_17,3.7158839718019383,pseudo,Sample1
gene_62,6.073735091953125,protein_coding,Sample1
gene_84,0.11688586050930902,lncRNA,Sample5
gene_89,0.7520522230669786,lncRNA,Sample3
gene_86,4.9839249708571725,lncRNA,Sample2
gene_13,6.538088487800127,miRNA,Sample3
gene_59,9.163421034919134,protein_coding,Sample5
gene_19,3.4483471507445818,lncRNA,Sample2
gene_49,11.873841143891859,protein_coding,Sample3
gene_100,19.669875044031023,protein_coding,Sample2
gene_12,15.134506386975708,protein_coding,Sample1
gene_61,0.40425016397703156,lncRNA,Sample3
gene_19,6.549018415021083,unknown,Sample2
gene_76,1.1085355080954613,lncRNA,Sample2
gene_9,2.771312827847182,miRNA,Sample2
gene_71,43.171826552294334,lncRNA,Sample3
gene_28,1.5372890217305861,lncRNA,Sample4
gene_78,6.9092595620900745,protein_coding,Sample3
gene_95,9.627424349612866,protein_coding,Sample5
gene_52,12.122233148577381,protein_coding,Sample3
gene_83,8.201824240381105,protein_coding,Sample2
gene_16,0.09818895384563225,protein_coding,Sample1
gene_69,3.9520983599786015,protein_coding,Sample3
gene_99,7.292130935726833,protein_coding,Sample3
gene_12,0.9196891710405073,unknown,Sample2
gene_25,4.317478910836826,protein_coding,Sample1
gene_52,0.3376684570552405,protein_coding,Sample1
gene_85,0.8183768960808725,protein_coding,Sample5
gene_100,5.057108535355948,lncRNA,Sample3
gene_53,1.4238850592466137,protein_coding,Sample1
gene_23,8.382674039181207,protein_coding,Sample1
gene_16,11.69458563158434,lncRNA,Sample4
gene_57,16.123757191107593,protein_coding,Sample4
gene_39,2.233313742578472,protein_coding,Sample1
gene_53,1.8330113513507695,protein_coding,Sample5
gene_42,1.1044881728507567,protein_coding,Sample1
gene_58,10.117841147041304,protein_coding,Sample2
gene_39,12.257949395115995,protein_coding,Sample3
gene_14,0.3209574673603211,pseudo,Sample5
gene_95,27.521940544489087,lncRNA,Sample2
gene_5,0.5337048567900803,lncRNA,Sample5
gene_35,7.79350888095622,protein_coding,Sample2
gene_87,12.34640004061239,unknown,Sample3
gene_93,20.47703552454761,protein_coding,Sample3
gene_75,12.520674728720262,protein_coding,Sample4
gene_18,16.181158725967258,lncRNA,Sample2
gene_76,4.146827491464336,protein_coding,Sample4
gene_9,16.864545693479233,protein_coding,Sample2
gene_74,0.8350644975816266,lncRNA,Sample4
gene_58,22.52050318785216,pseudo,Sample3
gene_17,7.931716828789295,protein_coding,Sample5
gene_7,16.998976096655188,miRNA,Sample4
gene_46,6.020609719350464,unknown,Sample2
gene_13,10.316390017200888,protein_coding,Sample2
gene_40,7.473978139587696,protein_coding,Sample3
gene_42,13.152378349869206,protein_coding,Sample2
gene_9,0.8515489988895617,protein_coding,Sample1
gene_50,0.6225003131901508,protein_coding,Sample5
gene_27,2.8382715753991636,unknown,Sample4
gene_66,1.7381148651515006,miRNA,Sample5
gene_5,20.540355570023983,lncRNA,Sample3
gene_29,2.474541581805539,protein_coding,Sample4
gene_37,37.24102809434093,pseudo,Sample4
gene_38,4.108231243314293,unknown,Sample1
gene_83,2.010371039788529,pseudo,Sample3
gene_8,15.592130975943475,protein_coding,Sample2
gene_65,10.750162053415186,lncRNA,Sample1
gene_86,6.8954510872343375,protein_coding,Sample1
gene_17,8.104982991156206,protein_coding,Sample5
gene_71,12.701189397289664,protein_coding,Sample5
gene_89,2.593599456867067,lncRNA,Sample5
gene_45,56.08631232047705,lncRNA,Sample1
gene_4,36.806399778900946,protein_coding,Sample2
gene_36,10.507530901325568,protein_coding,Sample4
gene_70,2.2257177846889333,protein_coding,Sample5
gene_31,11.401477952753687,protein_coding,Sample2
gene_19,0.7493737183429329,protein_coding,Sample3
gene_61,0.3113211652361948,protein_coding,Sample5
gene_54,2.9797875313889657,miRNA,Sample4
gene_39,6.210553018734389,protein_coding,Sample3
gene_91,20.270199251908405,protein_coding,Sample3
gene_74,12.98902978817889,protein_coding,Sample4
gene_90,13.575379047493218,unknown,Sample5
gene_19,5.542435794074139,lncRNA,Sample1
gene_39,4.245485326894826,lncRNA,Sample4
gene_67,4.63685650547297,protein_coding,Sample4
gene_45,43.94063891516504,lncRNA,Sample4
gene_13,0.4093574204392867,protein_coding,Sample3
gene_92,20.17642991755739,lncRNA,Sample2
gene_58,8.643517413526624,unknown,Sample1
gene_20,5.773490810346596,lncRNA,Sample5
gene_92,12.919215674888704,pseudo,Sample5
gene_72,6.66834303599214,miRNA,Sample2
gene_61,20.66906341267767,protein_coding,Sample4
gene_39,23.096284796203747,unknown,Sample1
gene_1,5.476987013540247,protein_coding,Sample5
gene_3,3.241079070851419,lncRNA,Sample5
gene_77,8.973471219409092,protein_coding,Sample4
gene_92,24.345559395235988,protein_coding,Sample2
gene_62,2.3656089895002457,protein_coding,Sample1
gene_63,9.754214576995755,protein_coding,Sample2
gene_25,9.984780002255434,protein_coding,Sample2
gene_56,13.209300151268554,lncRNA,Sample1
gene_33,1.4106562970266043,protein_coding,Sample1
gene_38,12.5816490912711,protein_coding,Sample5
gene_6,23.972532062892448,lncRNA,Sample5
gene_58,1.9806456078014456,protein_coding,Sample1
gene_44,2.7120959168716197,miRNA,Sample3
gene_45,35.54177038861511,lncRNA,Sample5
gene_32,1.996430547551579,pseudo,Sample3
gene_45,19.26789767756658,lncRNA,Sample1
gene_61,6.778209425535491,protein_coding,Sample5
gene_47,2.8399696999437047,lncRNA,Sample2
gene_21,20.46006001744849,protein_coding,Sample1
gene_80,5.893373255599558,protein_coding,Sample4
gene_85,7.232298691011181,miRNA,Sample3
gene_75,4.450899591778079,protein_coding,Sample1
gene_36,8.988213426850786,miRNA,Sample1
gene_99,1.7855729761763137,pseudo,Sample5
gene_19,4.960709063634735,pseudo,Sample5
gene_20,34.87158041821144,unknown,Sample5
gene_57,2.985858804240062,protein_coding,Sample4
gene_18,10.692573845171028,protein_coding,Sample5
gene_47,3.933242043889271,lncRNA,Sample1
gene_49,14.84891690707165,protein_coding,Sample5
gene_14,1.4026677961013676,lncRNA,Sample2
gene_15,35.006104544243996,miRNA,Sample5
gene_31,6.047509221647378,lncRNA,Sample4
gene_1,2.692535434977202,protein_coding,Sample2
gene_54,0.7633772255593707,protein_coding,Sample1
gene_3,1.8603794010459394,protein_coding,Sample1
gene_16,7.3349834542958146,protein_coding,Sample3
gene_87,4.109850798051666,pseudo,Sample2
gene_57,17.654098841221575,protein_coding,Sample3
gene_75,5.636771906855924,protein_coding,Sample2
gene_12,2.8596923697585104,protein_coding,Sample2
gene_74,9.600989165734678,lncRNA,Sample4
gene_96,12.26822606959345,lncRNA,Sample3
gene_16,1.8277194768584681,protein_coding,Sample4
gene_72,1.8346527013076068,protein_coding,Sample2
gene_76,0.37360728009482735,protein_coding,Sample1
gene_24,13.33330120789834,protein_coding,Sample2
gene_28,10.90062525147099,lncRNA,Sample4
gene_8,6.436541696352927,lncRNA,Sample3
gene_92,18.589924906761503,protein_coding,Sample3
gene_36,16.381983211693512,protein_coding,Sample4
gene_90,8.803310136359215,unknown,Sample3
gene_8,20.270106265290025,protein_coding,Sample5
gene_58,2.3047185037057356,lncRNA,Sample1
gene_60,1.1869302139028457,protein_coding,Sample1
gene_50,3.143678057281079,protein_coding,Sample1
gene_28,0.5878110672996271,protein_coding,Sample3
gene_92,7.575140428339439,lncRNA,Sample3
gene_41,27.583812054019667,unknown,Sample2
gene_100,0.4013841640938223,protein_coding,Sample2
gene_64,1.3023387998311675,protein_coding,Sample1
gene_27,6.018432483019309,protein_coding,Sample5
gene_63,27.162086538759947,protein_coding,Sample2
gene_17,3.80025611056787,protein_coding,Sample2
gene_73,7.077225037713451,protein_coding,Sample3
gene_33,0.42461733001051694,miRNA,Sample5
gene_84,1.6057165133641893,protein_coding,Sample1
gene_77,43.147510845333784,protein_coding,Sample2
gene_92,33.55804307819909,unknown,Sample5
gene_29,0.049522229738276156,protein_coding,Sample5
gene_13,30.326407986788155,unknown,Sample1
gene_46,10.19209613568501,protein_coding,Sample5
gene_35,20.243345669765105,pseudo,Sample5
gene_6,6.064922690920095,lncRNA,Sample5
gene_82,7.24836068697771,pseudo,Sample2
gene_69,6.710854995088599,unknown,Sample1
gene_47,10.992052370655834,protein_coding,Sample5
gene_25,1.5041745420945718,unknown,Sample5
gene_66,0.3043198091997127,protein_coding,Sample2
gene_10,3.6806808801378086,protein_coding,Sample1
gene_56,12.196983475408395,protein_coding,Sample3
gene_30,2.2546305443661034,lncRNA,Sample2
gene_5,11.19118409331979,protein_coding,Sample1
gene_33,35.0363039022921,lncRNA,Sample5
gene_65,0.9860639372178697,lncRNA,Sample1
gene_18,11.165790839045362,miRNA,Sample1
gene_96,5.865378397571735,pseudo,Sample1
gene_49,20.260316221935163,protein_coding,Sample3
gene_11,1.949810990586438,protein_coding,Sample1
gene_85,11.796898763803538,protein_coding,Sample3
gene_26,18.208708615976455,protein_coding,Sample5
gene_63,28.93432387380273,protein_coding,Sample3
gene_89,11.49636234984622,protein_coding,Sample5
gene_86,6.875126126115396,protein_coding,Sample5
gene_59,9.619348555509415,unknown,Sample3
gene_27,20.31832909367911,lncRNA,Sample2
gene_49,8.453890920690059,protein_coding,Sample4
gene_77,0.30858317733905194,lncRNA,Sample1
gene_33,26.72905507299173,protein_coding,Sample4
gene_98,11.696575360111503,protein_coding,Sample1
gene_99,11.28597543879489,lncRNA,Sample1
gene_1,2.4293199801802396,protein_coding,Sample5
gene_21,10.755369936680887,protein_coding,Sample1
gene_55,5.0065156489585885,unknown,Sample1
gene_6,10.533511356872365,pseudo,Sample3
gene_92,1.1271306878269605,lncRNA,Sample4
gene_81,10.724923184658566,lncRNA,Sample3
gene_69,74.41722909704406,lncRNA,Sample1
gene_95,0.49412998894300686,protein_coding,Sample5
gene_5,37.798631125622286,protein_coding,Sample3
gene_3,5.224056824545973,protein_coding,Sample3
gene_53,20.46033461015753,protein_coding,Sample2
gene_23,15.250300569342926,lncRNA,Sample1
gene_53,8.370551059265525,protein_coding,Sample5
gene_37,13.411267858526585,unknown,Sample3
gene_74,21.079691009583396,unknown,Sample3
gene_74,5.177500786487027,miRNA,Sample5
gene_83,3.9605922479100646,lncRNA,Sample1
gene_17,11.01396317172307,pseudo,Sample2
gene_85,16.494578429710735,protein_coding,Sample3
gene_78,14.366833688205121,miRNA,Sample2
gene_73,15.985654764477754,protein_coding,Sample4
gene_1,5.719624967418865,miRNA,Sample1
gene_51,17.02838106385863,protein_coding,Sample4
gene_45,1.2807096265357145,pseudo,Sample4
gene_77,7.86335628344283,unknown,Sample4
gene_4,0.05775305516253854,protein_coding,Sample1
gene_62,3.9242919094318784,protein_coding,Sample1
gene_65,4.564345626291861,unknown,Sample5
gene_32,5.0446703518866745,protein_coding,Sample2
gene_34,11.889765020311442,pseudo,Sample2
gene_92,4.919353427114065,lncRNA,Sample5
gene_95,5.954645855639285,protein_coding,Sample5
gene_72,2.712106487319779,protein_coding,Sample4
gene_39,4.672104005506762,protein_coding,Sample5
gene_26,2.578250975330488,miRNA,Sample3
gene_34,0.7601308825538722,protein_coding,Sample2
gene_54,9.249495953184562,lncRNA,Sample5
gene_3,11.032614750710689,protein_coding,Sample3
gene_50,9.662437301484182,lncRNA,Sample3
gene_12,6.226776150169474,pseudo,Sample3
gene_65,4.776903447798999,unknown,Sample3
gene_54,19.902127218947548,protein_coding,Sample4
gene_5,7.320580548015936,pseudo,Sample3
gene_94,6.523543915152494,miRNA,Sample4
gene_94,0.25976553942014474,lncRNA,Sample4
gene_57,4.174078814107976,unknown,Sample3
gene_17,4.783513648988052,protein_coding,Sample2
gene_47,5.0886551419799915,protein_coding,Sample3
gene_23,8.679110548652707,pseudo,Sample3
gene_79,7.627171043528689,protein_coding,Sample3
gene_85,9.362513582748198,pseudo,Sample2
gene_14,14.476731287868812,pseudo,Sample1
gene_66,16.765704014851647,protein_coding,Sample1
gene_75,12.662847438313909,pseudo,Sample4
gene_51,31.127987250042054,protein_coding,Sample4
gene_38,0.18400844582700027,lncRNA,Sample2
gene_64,2.1787991071251294,lncRNA,Sample5
gene_98,0.07591618531415689,unknown,Sample1
gene_38,10.426329264077516,protein_coding,Sample4
gene_50,22.830820100664766,protein_coding,Sample1
gene_98,2.7902934427777346,lncRNA,Sample2
gene_82,26.177691662237187,miRNA,Sample2
gene_30,0.6215990193872064,lncRNA,Sample5
gene_79,27.24728923000118,protein_coding,Sample5
gene_91,4.3328247930653845,protein_coding,Sample2
gene_51,1.0694046139193687,protein_coding,Sample4
gene_63,6.652825488994116,pseudo,Sample1
gene_98,2.967585630781719,protein_coding,Sample3
gene_52,3.3529499259166196,protein_coding,Sample5
gene_38,3.671437871612786,unknown,Sample3
gene_97,16.246830199654234,protein_coding,Sample4
gene_88,7.747071381382604,unknown,Sample5
gene_79,3.7296069575345254,lncRNA,Sample3
gene_30,9.424647609545124,pseudo,Sample4
gene_51,12.593117246481015,protein_coding,Sample1
gene_81,3.1831174220804606,protein_coding,Sample4
gene_5,5.336663339591022,miRNA,Sample5
gene_29,1.2997895952140053,pseudo,Sample2
gene_4,1.9985356772213871,miRNA,Sample1
gene_10,11.429336926261701,protein_coding,Sample3
gene_56,2.0020656148364724,miRNA,Sample5
gene_17,7.447844997321001,miRNA,Sample2
gene_74,12.345909994396855,lncRNA,Sample4
gene_17,1.1303088352047044,miRNA,Sample2
gene_84,8.377388725681469,pseudo,Sample5
gene_88,2.9647096009248415,lncRNA,Sample5
gene_69,32.94862971807926,protein_coding,Sample2
gene_34,6.607683713268071,protein_coding,Sample4
gene_6,16.39858717435359,protein_coding,Sample2
gene_53,7.990112499936112,protein_coding,Sample5
gene_66,0.44383049279866127,protein_coding,Sample5
gene_77,10.028059835743523,protein_coding,Sample3
gene_43,30.242005201247327,protein_coding,Sample3
gene_75,9.203284227538246,protein_coding,Sample1
gene_23,17.10302214707729,pseudo,Sample5
gene_55,21.55946530154033,unknown,Sample3
gene_80,2.5887406583650026,protein_coding,Sample2
gene_95,2.3831409418015577,unknown,Sample4
gene_75,9.441270647095303,lncRNA,Sample2
gene_16,5.293774323335772,protein_coding,Sample4
gene_8,18.317149821689238,protein_coding,Sample3
gene_4,23.02816353712856,lncRNA,Sample1
gene_4,4.3606047842351465,miRNA,Sample2
gene_56,2.7032761460844306,miRNA,Sample2
gene_25,15.165192957924488,protein_coding,Sample2
gene_67,3.213161227341658,protein_coding,Sample4
gene_96,17.29428925519035,protein_coding,Sample3
gene_67,5.511933007554102,protein_coding,Sample2
gene_27,11.012655032053702,protein_coding,Sample2
gene_93,1.0041201729112579,protein_coding,Sample1
gene_32,9.777920690653742,pseudo,Sample1
gene_50,6.01056137962785,unknown,Sample3
gene_61,8.833601040666048,protein_coding,Sample3
gene_51,1.8393991492315793,unknown,Sample5
gene_19,13.351213047485327,protein_coding,Sample1
gene_21,19.862942632118777,protein_coding,Sample5
gene_5,2.4429032668853936,protein_coding,Sample4
gene_82,1.0061021126280096,lncRNA,Sample5
gene_92,0.23922459931573992,unknown,Sample2
gene_42,10.271426880495873,lncRNA,Sample5
gene_61,9.34184973323918,protein_coding,Sample3
gene_22,7.911954133835657,lncRNA,Sample4
gene_21,2.6389666294128884,protein_coding,Sample2
gene_70,4.957826650652052,pseudo,Sample5
gene_1,9.02576047539322,lncRNA,Sample4
gene_5,6.867017149919159,protein_coding,Sample4
gene_12,44.05133163381326,lncRNA,Sample2
gene_90,1.466916126153273,lncRNA,Sample5
gene_46,11.879175624204636,protein_coding,Sample4
gene_34,5.180496008103994,lncRNA,Sample4
gene_49,5.589653256517158,protein_coding,Sample1
gene_78,12.64422861419053,miRNA,Sample4
gene_90,11.790725753198146,pseudo,Sample1
gene_45,47.3938680786437,pseudo,Sample5
gene_27,1.374181241365831,lncRNA,Sample5
gene_73,1.0993725004065542,lncRNA,Sample5
gene_26,12.885827656735422,protein_coding,Sample3
gene_47,8.636672504679805,miRNA,Sample5
gene_86,3.2042659245002616,protein_coding,Sample4
gene_56,0.8275068734779747,protein_coding,Sample2
gene_94,0.8955087106390793,protein_coding,Sample1
gene_63,22.46118512465589,protein_coding,Sample3
gene_48,2.1302903185996405,lncRNA,Sample5
gene_61,3.906329929475808,protein_coding,Sample5
gene_81,2.570318300956333,miRNA,Sample2
gene_26,4.384992348104207,protein_coding,Sample2
gene_36,0.7195136073162983,protein_coding,Sample3
gene_1,7.320123220255348,lncRNA,Sample1
gene_8,0.7000684637744137,protein_coding,Sample5
gene_99,16.11222042159252,protein_coding,Sample3
gene_52,2.6619730768420604,miRNA,Sample4
gene_79,7.765546911485947,protein_coding,Sample4
gene_47,21.209228164897418,pseudo,Sample3
gene_56,10.523320404102641,protein_coding,Sample5
gene_86,7.613356325747317,protein_coding,Sample3
gene_14,3.9205604248414607,miRNA,Sample5
gene_90,4.049681012238468,protein_coding,Sample2
gene_28,11.07109150569736,protein_coding,Sample3
gene_87,51.39496674707304,protein_coding,Sample5
gene_78,10.842337269652312,protein_coding,Sample3
gene_88,8.159555109679813,pseudo,Sample3
gene_2,13.117455241928113,protein_coding,Sample5
gene_26,6.258729279824089,miRNA,Sample5
gene_14,0.6202684348321754,pseudo,Sample1
gene_59,8.26214260143961,protein_coding,Sample3
gene_56,31.612034272953352,unknown,Sample4
gene_7,1.9273916294070355,protein_coding,Sample3
gene_3,11.711987584682579,unknown,Sample3
gene_23,2.2431134374225796,protein_coding,Sample5
gene_18,7.674994260264465,lncRNA,Sample3
gene_38,1.016744837023609,protein_coding,Sample3
gene_99,5.985116578458807,protein_coding,Sample4
gene_15,14.112566585424567,lncRNA,Sample5
gene_64,4.2705376148545415,miRNA,Sample3
gene_89,10.933612728760885,protein_coding,Sample2
gene_28,15.869426429163502,protein_coding,Sample1
gene_74,26.19734692704209,miRNA,Sample4
gene_39,2.6741168771555563,lncRNA,Sample3
gene_57,5.096861329145348,unknown,Sample2
gene_17,1.653653453224028,miRNA,Sample3
gene_86,48.90654962048055,unknown,Sample3
gene_90,26.173090971585722,miRNA,Sample5
gene_44,7.764355987991227,protein_coding,Sample5
gene_25,18.453709920619715,protein_coding,Sample5
gene_17,7.359669552982862,miRNA,Sample2
gene_13,9.770648486217308,lncRNA,Sample3
gene_84,0.933489795430218,protein_coding,Sample1
gene_25,14.076014351557388,protein_coding,Sample4
gene_68,1.366373352289071,unknown,Sample5
gene_10,17.490887349353393,lncRNA,Sample5
gene_67,15.233890670186652,protein_coding,Sample3
gene_18,12.33555069093609,protein_coding,Sample3
gene_100,0.3683036805155312,protein_coding,Sample2
gene_86,3.6115404005155014,protein_coding,Sample2
